Card Code,Card Name
GRN30Decks[{_1}]._scale,Blade Instructor
GRN30Decks[{_2}]._scale,Bounty Agent
GRN30Decks[{_3}]._scale,Candlelight Vigil
GRN30Decks[{_4}]._scale,Citywide Bust
GRN30Decks[{_5}]._scale,Collar the Culprit
GRN30Decks[{_6}]._scale,Conclave Tribunal
GRN30Decks[{_7}]._scale,Crush Contraband
GRN30Decks[{_8}]._scale,Dawn of Hope
GRN30Decks[{_9}]._scale,Demotion
GRN30Decks[{_10}]._scale,Divine Visitation
GRN30Decks[{_11}]._scale,Flight of Equenauts
GRN30Decks[{_12}]._scale,Gird for Battle
GRN30Decks[{_13}]._scale,Haazda Marshal
GRN30Decks[{_14}]._scale,Healer's Hawk
GRN30Decks[{_15}]._scale,Hunted Witness
GRN30Decks[{_16}]._scale,Inspiring Unicorn
GRN30Decks[{_17}]._scale,Intrusive Packbeast
GRN30Decks[{_18}]._scale,Ledev Guardian
GRN30Decks[{_19}]._scale,Light of the Legion
GRN30Decks[{_20}]._scale,Loxodon Restorer
GRN30Decks[{_21}]._scale,Luminous Bonds
GRN30Decks[{_22}]._scale,Parhelion Patrol
GRN30Decks[{_23}]._scale,Righteous Blow
GRN30Decks[{_24}]._scale,Roc Charger
GRN30Decks[{_25}]._scale,Skyline Scout
GRN30Decks[{_26}]._scale,Sunhome Stalwart
GRN30Decks[{_27}]._scale,Sworn Companions
GRN30Decks[{_28}]._scale,Take Heart
GRN30Decks[{_29}]._scale,Tenth District Guard
GRN30Decks[{_30}]._scale,Venerated Loxodon
GRN30Decks[{_31}]._scale,Capture Sphere
GRN30Decks[{_32}]._scale,Chemister's Insight
GRN30Decks[{_33}]._scale,Citywatch Sphinx
GRN30Decks[{_34}]._scale,Dazzling Lights
GRN30Decks[{_35}]._scale,Devious Cover-Up
GRN30Decks[{_36}]._scale,Dimir Informant
GRN30Decks[{_37}]._scale,Disdainful Stroke
GRN30Decks[{_38}]._scale,Dream Eater
GRN30Decks[{_39}]._scale,Drowned Secrets
GRN30Decks[{_40}]._scale,Enhanced Surveillance
GRN30Decks[{_41}]._scale,Guild Summit
GRN30Decks[{_42}]._scale,Leapfrog
GRN30Decks[{_43}]._scale,Maximize Altitude
GRN30Decks[{_44}]._scale,Mission Briefing
GRN30Decks[{_45}]._scale,Murmuring Mystic
GRN30Decks[{_46}]._scale,Muse Drake
GRN30Decks[{_47}]._scale,Narcomoeba
GRN30Decks[{_48}]._scale,Nightveil Sprite
GRN30Decks[{_49}]._scale,Omnispell Adept
GRN30Decks[{_50}]._scale,Passwall Adept
GRN30Decks[{_51}]._scale,Quasiduplicate
GRN30Decks[{_52}]._scale,Radical Idea
GRN30Decks[{_53}]._scale,Selective Snare
GRN30Decks[{_54}]._scale,Sinister Sabotage
GRN30Decks[{_55}]._scale,Thoughtbound Phantasm
GRN30Decks[{_56}]._scale,Unexplained Disappearance
GRN30Decks[{_57}]._scale,Vedalken Mesmerist
GRN30Decks[{_58}]._scale,Wall of Mist
GRN30Decks[{_59}]._scale,Watcher in the Mist
GRN30Decks[{_60}]._scale,Wishcoin Crab
GRN30Decks[{_61}]._scale,Barrier of Bones
GRN30Decks[{_62}]._scale,Bartizan Bats
GRN30Decks[{_63}]._scale,Blood Operative
GRN30Decks[{_64}]._scale,Burglar Rat
GRN30Decks[{_65}]._scale,Child of Night
GRN30Decks[{_66}]._scale,Creeping Chill
GRN30Decks[{_67}]._scale,Dead Weight
GRN30Decks[{_68}]._scale,Deadly Visit
GRN30Decks[{_69}]._scale,Doom Whisperer
GRN30Decks[{_70}]._scale,Douser of Lights
GRN30Decks[{_71}]._scale,Gruesome Menagerie
GRN30Decks[{_72}]._scale,Hired Poisoner
GRN30Decks[{_73}]._scale,Kraul Swarm
GRN30Decks[{_74}]._scale,Lotleth Giant
GRN30Decks[{_75}]._scale,Mausoleum Secrets
GRN30Decks[{_76}]._scale,Mephitic Vapors
GRN30Decks[{_77}]._scale,Midnight Reaper
GRN30Decks[{_78}]._scale,Moodmark Painter
GRN30Decks[{_79}]._scale,Necrotic Wound
GRN30Decks[{_80}]._scale,Never Happened
GRN30Decks[{_81}]._scale,Pilfering Imp
GRN30Decks[{_82}]._scale,Plaguecrafter
GRN30Decks[{_83}]._scale,Price of Fame
GRN30Decks[{_84}]._scale,Ritual of Soot
GRN30Decks[{_85}]._scale,Severed Strands
GRN30Decks[{_86}]._scale,Spinal Centipede
GRN30Decks[{_87}]._scale,Undercity Necrolisk
GRN30Decks[{_88}]._scale,Veiled Shade
GRN30Decks[{_89}]._scale,Vicious Rumors
GRN30Decks[{_90}]._scale,Whispering Snitch
GRN30Decks[{_91}]._scale,Arclight Phoenix
GRN30Decks[{_92}]._scale,Barging Sergeant
GRN30Decks[{_93}]._scale,Book Devourer
GRN30Decks[{_94}]._scale,Command the Storm
GRN30Decks[{_95}]._scale,Cosmotronic Wave
GRN30Decks[{_96}]._scale,Direct Current
GRN30Decks[{_97}]._scale,Electrostatic Field
GRN30Decks[{_98}]._scale,Erratic Cyclops
GRN30Decks[{_99}]._scale,Experimental Frenzy
GRN30Decks[{_100}]._scale,Fearless Halberdier
GRN30Decks[{_101}]._scale,Fire Urchin
GRN30Decks[{_102}]._scale,Goblin Banneret
GRN30Decks[{_103}]._scale,Goblin Cratermaker
GRN30Decks[{_104}]._scale,Goblin Locksmith
GRN30Decks[{_105}]._scale,Gravitic Punch
GRN30Decks[{_106}]._scale,Hellkite Whelp
GRN30Decks[{_107}]._scale,Inescapable Blaze
GRN30Decks[{_108}]._scale,Lava Coil
GRN30Decks[{_109}]._scale,Legion Warboss
GRN30Decks[{_110}]._scale,Maniacal Rage
GRN30Decks[{_111}]._scale,Maximize Velocity
GRN30Decks[{_112}]._scale,Ornery Goblin
GRN30Decks[{_113}]._scale,Risk Factor
GRN30Decks[{_114}]._scale,Rubblebelt Boar
GRN30Decks[{_115}]._scale,Runaway Steam-Kin
GRN30Decks[{_116}]._scale,Smelt-Ward Minotaur
GRN30Decks[{_117}]._scale,Street Riot
GRN30Decks[{_118}]._scale,Sure Strike
GRN30Decks[{_119}]._scale,Torch Courier
GRN30Decks[{_120}]._scale,Wojek Bodyguard
GRN30Decks[{_121}]._scale,Affectionate Indrik
GRN30Decks[{_122}]._scale,Arboretum Elemental
GRN30Decks[{_123}]._scale,Beast Whisperer
GRN30Decks[{_124}]._scale,Bounty of Might
GRN30Decks[{_125}]._scale,Circuitous Route
GRN30Decks[{_126}]._scale,Crushing Canopy
GRN30Decks[{_127}]._scale,Devkarin Dissident
GRN30Decks[{_128}]._scale,District Guide
GRN30Decks[{_129}]._scale,Generous Stray
GRN30Decks[{_130}]._scale,Golgari Raiders
GRN30Decks[{_131}]._scale,Grappling Sundew
GRN30Decks[{_132}]._scale,Hatchery Spider
GRN30Decks[{_133}]._scale,Hitchclaw Recluse
GRN30Decks[{_134}]._scale,Ironshell Beetle
GRN30Decks[{_135}]._scale,Kraul Foragers
GRN30Decks[{_136}]._scale,Kraul Harpooner
GRN30Decks[{_137}]._scale,Might of the Masses
GRN30Decks[{_138}]._scale,Nullhide Ferox
GRN30Decks[{_139}]._scale,Pack's Favor
GRN30Decks[{_140}]._scale,Pause for Reflection
GRN30Decks[{_141}]._scale,Pelt Collector
GRN30Decks[{_142}]._scale,Portcullis Vine
GRN30Decks[{_143}]._scale,Prey Upon
GRN30Decks[{_144}]._scale,Siege Wurm
GRN30Decks[{_145}]._scale,Sprouting Renewal
GRN30Decks[{_146}]._scale,Urban Utopia
GRN30Decks[{_147}]._scale,Vigorspore Wurm
GRN30Decks[{_148}]._scale,Vivid Revival
GRN30Decks[{_149}]._scale,Wary Okapi
GRN30Decks[{_150}]._scale,Wild Ceratok
GRN30Decks[{_151}]._scale,Artful Takedown
GRN30Decks[{_152}]._scale,Assassin's Trophy
GRN30Decks[{_153}]._scale,"Aurelia, Exemplar of Justice"
GRN30Decks[{_154}]._scale,Beacon Bolt
GRN30Decks[{_155}]._scale,Beamsplitter Mage
GRN30Decks[{_156}]._scale,Boros Challenger
GRN30Decks[{_157}]._scale,Camaraderie
GRN30Decks[{_158}]._scale,Centaur Peacemaker
GRN30Decks[{_159}]._scale,Chance for Glory
GRN30Decks[{_160}]._scale,Charnel Troll
GRN30Decks[{_161}]._scale,Conclave Cavalier
GRN30Decks[{_162}]._scale,Conclave Guildmage
GRN30Decks[{_163}]._scale,Crackling Drake
GRN30Decks[{_164}]._scale,Darkblade Agent
GRN30Decks[{_165}]._scale,Deafening Clarion
GRN30Decks[{_166}]._scale,Dimir Spybug
GRN30Decks[{_167}]._scale,Disinformation Campaign
GRN30Decks[{_168}]._scale,"Emmara, Soul of the Accord"
GRN30Decks[{_169}]._scale,Erstwhile Trooper
GRN30Decks[{_170}]._scale,"Etrata, the Silencer"
GRN30Decks[{_171}]._scale,Firemind's Research
GRN30Decks[{_172}]._scale,Garrison Sergeant
GRN30Decks[{_173}]._scale,Glowspore Shaman
GRN30Decks[{_174}]._scale,Goblin Electromancer
GRN30Decks[{_175}]._scale,Golgari Findbroker
GRN30Decks[{_176}]._scale,Hammer Dropper
GRN30Decks[{_177}]._scale,House Guildmage
GRN30Decks[{_178}]._scale,Hypothesizzle
GRN30Decks[{_179}]._scale,Ionize
GRN30Decks[{_180}]._scale,"Izoni, Thousand-Eyed"
GRN30Decks[{_181}]._scale,Join Shields
GRN30Decks[{_182}]._scale,Justice Strike
GRN30Decks[{_183}]._scale,Knight of Autumn
GRN30Decks[{_184}]._scale,"Lazav, the Multifarious"
GRN30Decks[{_185}]._scale,League Guildmage
GRN30Decks[{_186}]._scale,Ledev Champion
GRN30Decks[{_187}]._scale,Legion Guildmage
GRN30Decks[{_188}]._scale,March of the Multitudes
GRN30Decks[{_189}]._scale,Mnemonic Betrayal
GRN30Decks[{_190}]._scale,Molderhulk
GRN30Decks[{_191}]._scale,Nightveil Predator
GRN30Decks[{_192}]._scale,"Niv-Mizzet, Parun"
GRN30Decks[{_193}]._scale,Notion Rain
GRN30Decks[{_194}]._scale,Ochran Assassin
GRN30Decks[{_195}]._scale,"Ral, Izzet Viceroy"
GRN30Decks[{_196}]._scale,Rhizome Lurcher
GRN30Decks[{_197}]._scale,Rosemane Centaur
GRN30Decks[{_198}]._scale,Skyknight Legionnaire
GRN30Decks[{_199}]._scale,Sonic Assault
GRN30Decks[{_200}]._scale,Sumala Woodshaper
GRN30Decks[{_201}]._scale,Swarm Guildmage
GRN30Decks[{_202}]._scale,Swathcutter Giant
GRN30Decks[{_203}]._scale,Swiftblade Vindicator
GRN30Decks[{_204}]._scale,"Tajic, Legion's Edge"
GRN30Decks[{_205}]._scale,Thief of Sanity
GRN30Decks[{_206}]._scale,Thought Erasure
GRN30Decks[{_207}]._scale,Thousand-Year Storm
GRN30Decks[{_208}]._scale,Trostani Discordant
GRN30Decks[{_209}]._scale,Truefire Captain
GRN30Decks[{_210}]._scale,Undercity Uprising
GRN30Decks[{_211}]._scale,Underrealm Lich
GRN30Decks[{_212}]._scale,Unmoored Ego
GRN30Decks[{_213}]._scale,"Vraska, Golgari Queen"
GRN30Decks[{_214}]._scale,Wee Dragonauts
GRN30Decks[{_215}]._scale,Worldsoul Colossus
GRN30Decks[{_216}]._scale,Fresh-Faced Recruit
GRN30Decks[{_217}]._scale,Piston-Fist Cyclops
GRN30Decks[{_218}]._scale,Pitiless Gorgon
GRN30Decks[{_219}]._scale,Vernadi Shieldmate
GRN30Decks[{_220}]._scale,Whisper Agent
GRN30Decks[{_221a}]._scale,Assure
GRN30Decks[{_221b}]._scale,Assemble
GRN30Decks[{_222a}]._scale,Connive
GRN30Decks[{_222b}]._scale,Concoct
GRN30Decks[{_223a}]._scale,Discovery
GRN30Decks[{_223b}]._scale,Dispersal
GRN30Decks[{_224a}]._scale,Expansion
GRN30Decks[{_224b}]._scale,Explosion
GRN30Decks[{_225a}]._scale,Find
GRN30Decks[{_225b}]._scale,Finality
GRN30Decks[{_226a}]._scale,Flower
GRN30Decks[{_226b}]._scale,Flourish
GRN30Decks[{_227a}]._scale,Integrity
GRN30Decks[{_227b}]._scale,Intervention
GRN30Decks[{_228a}]._scale,Invert
GRN30Decks[{_228b}]._scale,Invent
GRN30Decks[{_229a}]._scale,Response
GRN30Decks[{_229b}]._scale,Resurgence
GRN30Decks[{_230a}]._scale,Status
GRN30Decks[{_230b}]._scale,Statue
GRN30Decks[{_231}]._scale,Boros Locket
GRN30Decks[{_232}]._scale,Chamber Sentry
GRN30Decks[{_233}]._scale,Chromatic Lantern
GRN30Decks[{_234}]._scale,Dimir Locket
GRN30Decks[{_235}]._scale,Gatekeeper Gargoyle
GRN30Decks[{_236}]._scale,Glaive of the Guildpact
GRN30Decks[{_237}]._scale,Golgari Locket
GRN30Decks[{_238}]._scale,Izzet Locket
GRN30Decks[{_239}]._scale,Rampaging Monument
GRN30Decks[{_240}]._scale,Selesnya Locket
GRN30Decks[{_241}]._scale,Silent Dart
GRN30Decks[{_242}]._scale,Wand of Vertebrae
GRN30Decks[{_243}]._scale,Boros Guildgate (a)
GRN30Decks[{_244}]._scale,Boros Guildgate (b)
GRN30Decks[{_245}]._scale,Dimir Guildgate (a)
GRN30Decks[{_246}]._scale,Dimir Guildgate (b)
GRN30Decks[{_247}]._scale,Gateway Plaza
GRN30Decks[{_248}]._scale,Golgari Guildgate (a)
GRN30Decks[{_249}]._scale,Golgari Guildgate (b)
GRN30Decks[{_250}]._scale,Guildmages' Forum
GRN30Decks[{_251}]._scale,Izzet Guildgate (a)
GRN30Decks[{_252}]._scale,Izzet Guildgate (b)
GRN30Decks[{_253}]._scale,Overgrown Tomb
GRN30Decks[{_254}]._scale,Sacred Foundry
GRN30Decks[{_255}]._scale,Selesnya Guildgate (a)
GRN30Decks[{_256}]._scale,Selesnya Guildgate (b)
GRN30Decks[{_257}]._scale,Steam Vents
GRN30Decks[{_258}]._scale,Temple Garden
GRN30Decks[{_259}]._scale,Watery Grave
GRN30Decks[{_260}]._scale,Plains
GRN30Decks[{_261}]._scale,Island
GRN30Decks[{_262}]._scale,Swamp
GRN30Decks[{_263}]._scale,Mountain
GRN30Decks[{_264}]._scale,Forest
GRN30Decks[{_265}]._scale,"Ral, Caller of Storms"
GRN30Decks[{_266}]._scale,Ral's Dispersal
GRN30Decks[{_267}]._scale,Precision Bolt
GRN30Decks[{_268}]._scale,Ral's Staticaster
GRN30Decks[{_269}]._scale,"Vraska, Regal Gorgon"
GRN30Decks[{_270}]._scale,Kraul Raider
GRN30Decks[{_271}]._scale,Attendant of Vraska
GRN30Decks[{_272}]._scale,Vraska's Stoneglare
GRN30Decks[{_273}]._scale,Impervious Greatwurm